{
  "TOP_1_ABILENE": {
    "first_fit": {
      "blocked_connections": 0,
      "served_connections": 110,
      "utilization": 0.12142857142857143,
      "fragmentation": 3.6785714285714284,
      "time_s": 0.046755075454711914
    },
    "sliding_fit": {
      "blocked_connections": 0,
      "served_connections": 110,
      "utilization": 0.12142857142857143,
      "fragmentation": 4.392857142857143,
      "time_s": 0.18832612037658691
    },
    "parcel_fit": {
      "blocked_connections": 0,
      "served_connections": 110,
      "utilization": 0.12142857142857143,
      "fragmentation": 3.6785714285714284,
      "time_s": 0.017951011657714844
    },
    "workload_size": 110
  },
  "TOP_2_ANS": {
    "first_fit": {
      "blocked_connections": 0,
      "served_connections": 306,
      "utilization": 0.2285,
      "fragmentation": 6.78,
      "time_s": 0.03821086883544922
    },
    "sliding_fit": {
      "blocked_connections": 0,
      "served_connections": 306,
      "utilization": 0.2285,
      "fragmentation": 7.34,
      "time_s": 0.5570497512817383
    },
    "parcel_fit": {
      "blocked_connections": 0,
      "served_connections": 306,
      "utilization": 0.2285,
      "fragmentation": 6.78,
      "time_s": 0.08011317253112793
    },
    "workload_size": 306
  },
  "TOP_3_ARNES": {
    "first_fit": {
      "blocked_connections": 0,
      "served_connections": 272,
      "utilization": 0.265625,
      "fragmentation": 7.325,
      "time_s": 0.04668879508972168
    },
    "sliding_fit": {
      "blocked_connections": 0,
      "served_connections": 272,
      "utilization": 0.265625,
      "fragmentation": 7.925,
      "time_s": 0.4971938133239746
    },
    "parcel_fit": {
      "blocked_connections": 0,
      "served_connections": 272,
      "utilization": 0.265625,
      "fragmentation": 7.325,
      "time_s": 0.0991518497467041
    },
    "workload_size": 272
  }
}