{
  "Eurocore": {
    "first_fit": {
      "blocked": 151,
      "blocking_prob": 0.302,
      "utilization": 0.6728260869565217,
      "fragmentation": 2.9782608695652173,
      "time_s": 0.1460130214691162
    },
    "parcel_fit": {
      "blocked": 154,
      "blocking_prob": 0.308,
      "utilization": 0.685054347826087,
      "fragmentation": 2.369565217391304,
      "time_s": 0.2907729148864746
    },
    "sliding_fit": {
      "blocked": 146,
      "blocking_prob": 0.292,
      "utilization": 0.6641304347826087,
      "fragmentation": 3.5652173913043477,
      "time_s": 0.282073974609375
    }
  },
  "NSFNet": {
    "first_fit": {
      "blocked": 205,
      "blocking_prob": 0.41,
      "utilization": 0.7349431818181819,
      "fragmentation": 3.5681818181818183,
      "time_s": 0.17453885078430176
    },
    "parcel_fit": {
      "blocked": 207,
      "blocking_prob": 0.414,
      "utilization": 0.7622159090909091,
      "fragmentation": 3.3181818181818183,
      "time_s": 0.3350348472595215
    },
    "sliding_fit": {
      "blocked": 203,
      "blocking_prob": 0.406,
      "utilization": 0.7201704545454546,
      "fragmentation": 4.113636363636363,
      "time_s": 0.28924989700317383
    }
  },
  "UKNet": {
    "first_fit": {
      "blocked": 222,
      "blocking_prob": 0.444,
      "utilization": 0.48012820512820514,
      "fragmentation": 3.230769230769231,
      "time_s": 0.19430971145629883
    },
    "parcel_fit": {
      "blocked": 229,
      "blocking_prob": 0.458,
      "utilization": 0.49182692307692305,
      "fragmentation": 3.3974358974358974,
      "time_s": 0.33434486389160156
    },
    "sliding_fit": {
      "blocked": 221,
      "blocking_prob": 0.442,
      "utilization": 0.48028846153846155,
      "fragmentation": 3.641025641025641,
      "time_s": 0.33214592933654785
    }
  },
  "USNet": {
    "first_fit": {
      "blocked": 170,
      "blocking_prob": 0.34,
      "utilization": 0.43577302631578946,
      "fragmentation": 4.565789473684211,
      "time_s": 0.21654796600341797
    },
    "parcel_fit": {
      "blocked": 173,
      "blocking_prob": 0.346,
      "utilization": 0.46792763157894735,
      "fragmentation": 5.0855263157894735,
      "time_s": 0.4248497486114502
    },
    "sliding_fit": {
      "blocked": 171,
      "blocking_prob": 0.342,
      "utilization": 0.440625,
      "fragmentation": 4.6381578947368425,
      "time_s": 0.4538891315460205
    }
  }
}